create table Roles
(
  ID int primary key IDENTITY(1,1),
  RoleName varchar(100) not null
);
create table Users
(
  [ID] int primary key IDENTITY(1,1),
  [Surname] varchar(100) not null,
  [Name] varchar(100) not null,
  [Patronymic] varchar(100) not null,
  [Login] text not null,
  [Password] text not null,
  [Role] int not null,
  foreign key ([Role]) references [Roles](ID)
);
create table PickupPoints
(
	[ID] int primary key IDENTITY(1,1),
	[Address] varchar(150)
);
create table [Orders]
(
  ID int primary key IDENTITY(1,1),
  OrderDate datetime not null,
  DeliveryDate datetime not null,
  PickupPointID int not null,
  UserID int,
  ReceivingCode int not null,
  [Status] varchar(50)
  foreign key (PickupPointID) references [PickupPoints](ID),
  foreign key (UserID) references [Users](ID) 
);
create table Products
(
  ProductArticleNumber nvarchar(100) primary key,
  Title text not null,
  MeasuremenUnit varchar(50) not null,
  Cost decimal(19,4) not null,
  MaximumDiscount int not null,
  Manufacturer varchar(150) not null,
  Supplier varchar(150) not null,
  Category varchar(200) not null,
  CurrentDiscount int not null,
  QuantityInStock int not null,
  [Description] text not null,
  Photo varchar(200)
);
create table OrderProduct
(
  OrderID int not null,
  ProductArticleNumber nvarchar(100)  not null,
  Quantity int not null,
  Primary key (OrderID,ProductArticleNumber),
  foreign key (OrderID) references Orders(ID),
  foreign key (ProductArticleNumber) references Products(ProductArticleNumber)
);
INSERT INTO Roles (RoleName)
VALUES
('Администратор'),
('Менеджер'),
('Клиент');
INSERT INTO PickupPoints ([Address])
VALUES
('344288, г. Нефтеюганск, ул. Чехова, 1'),
('614164, г.Нефтеюганск,  ул. Степная, 30'),
('394242, г. Нефтеюганск, ул. Коммунистическая, 43'),
('660540, г. Нефтеюганск, ул. Солнечная, 25'),
('125837, г. Нефтеюганск, ул. Шоссейная, 40'),
('125703, г. Нефтеюганск, ул. Партизанская, 49'),
('625283, г. Нефтеюганск, ул. Победы, 46'),
('614611, г. Нефтеюганск, ул. Молодежная, 50'),
('454311, г.Нефтеюганск, ул. Новая, 19'),
('660007, г.Нефтеюганск, ул. Октябрьская, 19'),
('603036, г. Нефтеюганск, ул. Садовая, 4'),
('450983, г.Нефтеюганск, ул. Комсомольская, 26'),
('394782, г. Нефтеюганск, ул. Чехова, 3'),
('603002, г. Нефтеюганск, ул. Дзержинского, 28'),
('450558, г. Нефтеюганск, ул. Набережная, 30'),
('394060, г.Нефтеюганск, ул. Фрунзе, 43'),
('410661, г. Нефтеюганск, ул. Школьная, 50'),
('625590, г. Нефтеюганск, ул. Коммунистическая, 20'),
('625683, г. Нефтеюганск, ул. 8 Марта'),
('400562, г. Нефтеюганск, ул. Зеленая, 32'),
('614510, г. Нефтеюганск, ул. Маяковского, 47'),
('410542, г. Нефтеюганск, ул. Светлая, 46'),
('620839, г. Нефтеюганск, ул. Цветочная, 8'),
('443890, г. Нефтеюганск, ул. Коммунистическая, 1'),
('603379, г. Нефтеюганск, ул. Спортивная, 46'),
('603721, г. Нефтеюганск, ул. Гоголя, 41'),
('410172, г. Нефтеюганск, ул. Северная, 13'),
('420151, г. Нефтеюганск, ул. Вишневая, 32'),
('125061, г. Нефтеюганск, ул. Подгорная, 8'),
('630370, г. Нефтеюганск, ул. Шоссейная, 24'),
('614753, г. Нефтеюганск, ул. Полевая, 35'),
('426030, г. Нефтеюганск, ул. Маяковского, 44'),
('450375, г. Нефтеюганск ул. Клубная, 44'),
('625560, г. Нефтеюганск, ул. Некрасова, 12'),
('630201, г. Нефтеюганск, ул. Комсомольская, 17'),
('190949, г. Нефтеюганск, ул. Мичурина, 26');
INSERT INTO Products (ProductArticleNumber, Title, MeasuremenUnit, Cost, MaximumDiscount, Manufacturer, Supplier, Category, CurrentDiscount, QuantityInStock, [Description], Photo)
VALUES
('A112T4', 'Лакомство', 'шт.', 123, 30, 'Dreames', 'PetShop', 'Товары для кошек', 3, 6, 'Лакомство для кошек Dreamies Подушечки с курицей, 140 г', 'А112T4.png'),
('G453T5', 'Щетка-варежка', 'шт.', 149, 15, 'True Touch', 'ZooMir', 'Для животных', 2, 7, 'Щетка-варежка True Touch для вычесывания шерсти, синий', 'G453T5.jpg'),
('F432F4', 'Сухой корм', 'шт.', 1200, 10, 'Pro Plan', 'ZooMir', 'Товары для кошек', 3, 15, 'Сухой корм для кошек Pro Plan с чувствительным пищеварением', 'F432F4.jpg'),
('Y324F4', 'Лакомство', 'шт.', 86, 5, 'TitBit', 'PetShop', 'Товары для собак', 4, 17, 'Лакомство для собак Titbit Косточки мясные с индейкой и ягненком, 145 г', 'Y324F4.jpg'),
('E532Q5', 'Лакомство', 'шт.', 166, 15, 'TitBit', 'PetShop', 'Товары для собак', 5, 18, 'Лакомство для собак Titbit Печенье Био Десерт с лососем стандарт, 350 г', 'E532Q5.jpg'),
('T432F4', 'Сухой корм', 'шт.', 1700, 25, 'Chappy', 'ZooMir', 'Товары для собак', 2, 5, 'Сухой корм для собак Chappi говядина по-домашнему, с овощами', 'T432F4.jpg'),
('G345E4', 'Мячик', 'шт.', 300, 5, 'LIKER', 'ZooMir', 'Товары для собак', 3, 19, 'Мячик для собак LIKER Мячик Лайкер (6294) оранжевый', 'G345E4.jpg'),
('E345R4', 'Игрушка', 'шт.', 199, 5, 'Fancy Pets', 'ZooMir', 'Товары для кошек', 5, 7, 'Игрушка для животных «Котик» с кошачьей мятой FANCY PETS', 'E345R4.jpg'),
('R356F4', 'Миска', 'шт.', 234, 10, 'Nobby', 'PetShop', 'Товары для собак', 3, 17, 'Миска Nobby с рисунком Dog для собак 130 мл красный', 'R356F4.jpg'),
('E431R5', 'Лакомство', 'шт.', 170, 5, 'Triol', 'ZooMir', 'Товары для собак', 5, 5, 'Лакомство для собак Triol Кость из жил 7.5 см, 4 шт. в уп.', 'E431R5.png'),
('D563F4', 'Игрушка', 'шт.', 600, 10, 'Triol', 'PetShop', 'Товары для собак', 5, 5, 'Игрушка для собак Triol Бобер 41 см 12141053 бежевый', NULL),
('H436R4', 'Игрушка', 'шт.', 300, 15, 'Triol', 'PetShop', 'Товары для собак', 2, 15, 'Игрушка для собак Triol 3D плетение EC-04/12171005 бежевый', NULL),
('D643B5', 'Сухой корм', 'шт.', 4100, 30, 'Cat Chow', 'PetShop', 'Товары для кошек', 4, 9, 'Сухой корм для котят CAT CHOW с высоким содержанием домашней птицы', NULL),
('H432F4', 'Миска', 'шт.', 385, 10, 'Triol', 'ZooMir', 'Для животных', 2, 17, 'Миска Triol 9002/KIDP3211/30261087 400 мл серебристый', NULL),
('S245R4', 'Сухой корм', 'шт.', 280, 15, 'Cat Chow', 'ZooMir', 'Товары для кошек', 3, 8, 'Сухой корм для кошек CAT CHOW', NULL),
('V352R4', 'Сухой корм', 'шт.', 1700, 25, 'Chappy', 'PetShop', 'Товары для собак', 4, 9, 'Сухой корм для собак Chappi Мясное изобилие, мясное ассорти', NULL),
('H342F5', 'Игрушка', 'шт.', 510, 5, 'Triol', 'ZooMir', 'Товары для собак', 2, 17, 'Игрушка для собак Triol Енот 41 см 12141063 серый', NULL),
('Q245F5', 'Игрушка', 'шт.', 510, 5, 'Triol', 'ZooMir', 'Товары для собак', 2, 17, 'Игрушка для собак Triol Бобер 41 см 12141063 серый', NULL),
('G542F5', 'Сухой корм', 'шт.', 2190, 30, 'Pro Plan', 'PetShop', 'Товары для собак', 4, 7, 'Сухой корм для собак Pro Plan при чувствительном пищеварении, ягненок', NULL),
('H542R6', 'Лакомство', 'шт.', 177, 15, 'Triol', 'ZooMir', 'Товары для собак', 3, 15, 'Лакомство для собак Triol Мясные полоски из кролика, 70 г', NULL),
('K436T5', 'Мячик', 'шт.', 100, 5, 'Triol', 'ZooMir', 'Товары для собак', 4, 21, 'Мячик для собак Triol с косточками 12101096 желтый/зеленый', NULL),
('V527T5', 'Игрушка', 'шт.', 640, 5, 'Triol', 'PetShop', 'Товары для собак', 5, 4, 'Игрушка для собак Triol Ящерица 39 см коричневый', NULL),
('K452T5', 'Лежак', 'шт.', 800, 25, 'ZooM', 'ZooMir', 'Товары для собак', 2, 17, 'Лежак для собак и кошек ZooM Lama 40х30х8 см бежевый', NULL),
('E466T6', 'Клетка', 'шт.', 3500, 30, 'Triol', 'ZooMir', 'Товары для собак', 5, 3, 'Клетка для собак Triol 30671002 61х45.5х52 см серый/белый', NULL),
('B427R5', 'Миска', 'шт.', 400, 15, 'Triol', 'ZooMir', 'Для животных', 4, 5, 'Миска для животных Triol "Стрекоза", 450 мл', NULL),
('H643W2', 'Миска', 'шт.', 292, 25, 'Triol', 'PetShop', 'Для животных', 3, 13, 'Миска Triol CB02/30231002 100 мл бежевый/голубой', NULL),
('D356R4', 'Мячик', 'шт.', 600, 15, 'trixie', 'PetShop', 'Товары для собак', 2, 16, 'Мячик для собак TRIXIE DentaFun (32942) зеленый / белый', NULL),
('E434U6', 'Лакомство', 'шт.', 140, 20, 'TitBit', 'ZooMir', 'Товары для собак', 3, 19, 'Лакомство для собак Titbit Лакомый кусочек Нарезка из говядины, 80 г', NULL),
('M356R4', 'Лакомство', 'шт.', 50, 5, 'TitBit', 'ZooMir', 'Товары для собак', 4, 6, 'Лакомство для собак Titbit Гематоген мясной Classic, 35 г', NULL),
('W548O7', 'Сухой корм', 'шт.', 600, 15, 'Dog Chow', 'PetShop', 'Товары для собак', 5, 15, 'Сухой корм для щенков DOG CHOW Puppy, ягненок 2.5 кг', NULL);
INSERT INTO Users ([Surname], [Name], [Patronymic], [Login], [Password], [Role])
VALUES
('Суслов', 'Илья', 'Арсентьевич', 'СусловИльяАрсентьевич', '2L6KZG', 1),
('Яковлева', 'Ярослава', 'Даниэльевна', 'ЯковлеваЯрославаДаниэльевна', 'uzWC67', 1),
('Игнатьева', 'Алина', 'Михайловна', 'ИгнатьеваАлинаМихайловна', '8ntwUp', 1),
('Денисов', 'Михаил', 'Романович', 'ДенисовМихаилРоманович', 'YOyhfR', 2),
('Тимофеев', 'Михаил', 'Елисеевич', 'ТимофеевМихаилЕлисеевич', 'RSbvHv', 2),
('Соловьев', 'Ярослав', 'Маркович', 'СоловьевЯрославМаркович', 'rwVDh9', 2),
('Филимонов', 'Роберт', 'Васильевич', 'ФилимоновРобертВасильевич', 'LdNyos', 3),
('Шилова', 'Майя', 'Артемьевна', 'ШиловаМайяАртемьевна', 'gynQMT', 3),
('Чистякова', 'Виктория', 'Степановна', 'ЧистяковаВикторияСтепановна', 'AtnDjr', 3),
('Волкова', 'Эмилия', 'Артёмовна', 'ВолковаЭмилияАртёмовна', 'JlFRCZ', 3);
INSERT INTO [Orders] (OrderDate, DeliveryDate, PickupPointID, UserID, ReceivingCode, [Status])
VALUES
('2022-05-06T00:00:00', '2022-05-12T00:00:00', 25, NULL, 601, 'Новый'),
('2022-05-06T00:00:00', '2022-05-12T00:00:00', 20, NULL, 602, 'Новый'),
('2022-05-08T00:00:00', '2022-05-14T00:00:00', 22, 8, 603, 'Завершен'),
('2022-05-08T00:00:00', '2022-05-14T00:00:00', 24, NULL, 604, 'Завершен'),
('2022-05-10T00:00:00', '2022-05-16T00:00:00', 25, NULL, 605, 'Завершен'),
('2022-05-11T00:00:00', '2022-05-17T00:00:00', 28, 7, 606, 'Завершен'),
('2022-05-12T00:00:00', '2022-05-18T00:00:00', 36, NULL, 607, 'Новый'),
('2022-05-13T00:00:00', '2022-05-19T00:00:00', 32, NULL, 608, 'Новый'),
('2022-05-15T00:00:00', '2022-05-21T00:00:00', 34, 10, 609, 'Новый'),
('2022-05-15T00:00:00', '2022-05-21T00:00:00', 36, 9, 610, 'Завершен');
INSERT INTO OrderProduct (OrderID, ProductArticleNumber, Quantity)
VALUES
(1, 'A112T4', 15),
(1, 'G453T5', 1),
(2, 'F432F4', 15),
(2, 'Y324F4', 15),
(3, 'E532Q5', 10),
(3, 'T432F4', 10),
(4, 'G345E4', 1),
(4, 'E345R4', 2),
(5, 'R356F4', 1),
(5, 'E431R5', 10),
(6, 'H436R4', 1),
(6, 'D643B5', 1),
(7, 'H342F5', 2),
(7, 'Q245F5', 2),
(8, 'K436T5', 1),
(8, 'V527T5', 1),
(9, 'V527T5', 1),
(9, 'K452T5', 1),
(10, 'M356R4', 1),
(10, 'W548O7', 1);